feature,x_mean,shap_mean,n
NDVIbase,0.005633884126984127,0.013398844265021616,630
NDVIbase,0.02449312857142857,0.00982564079348608,630
NDVIbase,0.03379661587301588,0.009213747035250288,630
NDVIbase,0.04494222698412698,0.006957907082826856,630
NDVIbase,0.055816092209856914,0.003844053907189289,629
NDVIbase,0.06594078095238096,0.0012169810782144434,630
NDVIbase,0.07633109682539682,0.0003642563247245847,630
NDVIbase,0.08479357686212362,-0.0015499064112385085,631
NDVIbase,0.08975260828025478,-0.0037281656240226637,628
NDVIbase,0.0926869619651347,-0.004534552885455224,631
NDVIbase,0.09522824960254372,-0.004914031381912882,629
NDVIbase,0.09865284126984128,-0.004705818972342362,630
NDVIbase,0.10826604769475358,-0.005225904837043472,629
NDVIbase,0.1241268761904762,-0.006673253685978431,630
NDVIbase,0.14143399047619049,-0.0074836723903689145,630
NDVIbase,0.16104631111111112,-0.003001949172151672,630
NDVIbase,0.1822705278219396,0.0015473679994865487,629
NDVIbase,0.20633907142857144,0.002885358637826744,630
NDVIbase,0.23748940793650794,0.0042255568890548255,630
NDVIbase,0.2918449,-0.0007311579608439783,630
Slope,1.433778525873016,0.011094244260907186,630
Slope,1.8943040317460318,0.009349058341208477,630
Slope,2.167943888888889,0.006501578418035053,630
Slope,2.4359097936507936,0.0063732919902195,630
Slope,2.7668740222575514,0.007800352983810417,629
Slope,3.3314704126984127,0.006718652350324316,630
Slope,4.114551158730158,0.00387125594148166,630
Slope,4.812311666666667,0.0011829034194296181,630
Slope,5.554968346581876,-0.0005260569551100976,629
Slope,6.468450841269841,-0.003081008461983342,630
Slope,7.984666936507937,-0.005202365789091551,630
Slope,10.97083507936508,-0.006901207264265681,630
Slope,14.511307949125596,-0.008238724605783874,629
Slope,17.37257,-0.007520882050197971,630
Slope,20.006755396825397,-0.0074849483528787245,630
Slope,22.561223968253966,-0.0065477446240505615,630
Slope,25.174170429252783,-0.005668478265570096,629
Slope,27.669810634920633,-0.005234327687556448,630
Slope,30.320878253968257,-0.003677022598911151,630
Slope,34.30244619047619,-0.003097265562956727,630
DEM,435.1122255459396,-0.003102673400120052,630
DEM,454.4062577933841,-0.002371156883581588,630
DEM,481.2495010398429,-0.00208171952361286,630
DEM,531.6157052897603,-0.002585169121785946,630
DEM,654.5445240776312,-0.0063931619213530525,629
DEM,899.8483079692874,-0.0037567233510936403,630
DEM,1089.0572167107143,0.0004493362237240548,630
DEM,1159.2520188190633,0.00068524602125965,630
DEM,1244.2618808025913,-0.001061821376198565,629
DEM,1341.6341613845873,-0.0001585707879899813,630
DEM,1451.0164248785554,0.0006074849460235709,630
DEM,1574.005100270619,0.002905131195639708,630
DEM,1741.092491454324,0.0020553401106740577,629
DEM,1929.985873980095,0.0007549691268954577,630
DEM,2109.8715215300954,0.0007509149006277599,630
DEM,2293.141008471333,0.0011123609970614817,630
DEM,2497.6236711233228,0.0021474012835377256,629
DEM,2737.609941823397,0.0031125016723029097,630
DEM,3072.772410831778,0.0035855289203338605,630
DEM,3583.886864109889,0.004681666278613086,630
TEMmean,-5.34007145800317,0.0057011464895150975,631
TEMmean,-1.9894792059282371,-0.003217306933031735,641
TEMmean,-0.036320643750000006,-0.0037856317067401345,624
TEMmean,1.412008387755102,-0.0006819731289523475,637
TEMmean,2.8002137359098227,-0.0010476391575222688,621
TEMmean,3.8732269047619052,-0.002815594212627639,630
TEMmean,4.834272365930599,-0.0017483517230006853,634
TEMmean,5.7663151030110935,-0.00021939054264657934,631
TEMmean,6.589417262830482,0.0009377858365258561,643
TEMmean,7.17516769854133,-0.0020000089908555336,617
TEMmean,7.677671735159818,-0.0023581728798954564,657
TEMmean,8.03504396694215,0.000933291287124049,605
TEMmean,8.271312313915857,0.002884813060651967,618
TEMmean,8.44160768503937,0.002591027430522784,635
TEMmean,8.61906669767442,0.0018949389622502208,645
TEMmean,8.796529565916398,0.002321382812433942,622
TEMmean,8.96893643769968,0.002173870954130294,626
TEMmean,9.101321479099678,0.002998155959960543,622
TEMmean,9.205100047619048,0.0027478783025832276,630
TEMmean,9.406225805422649,0.0031361242543806356,627
